name,FIPS,"# Total Population, 2020 [Estimated]","Median Household Income, 2020 [Estimated]","% Race | Black or African American alone, 2020 [Estimated]","% Poverty Status by Age | In Poverty, 2020 [Estimated]","% Hispanic or Latino | Hispanic or Latino, 2020 [Estimated]"
"CT000100, Philadelphia County, PA",42101000100,4364,107836.8231,6.6453,4.56,8.1806
"CT000200, Philadelphia County, PA",42101000200,2924,40665.6,4.3434,26.9904,7.6949
"CT000300, Philadelphia County, PA",42101000300,3422,89457.2,7.2764,9.0475,5.1432
"CT000401, Philadelphia County, PA",42101000401,2434,66371.06572,10.9285,12.2975,2.9581
"CT000402, Philadelphia County, PA",42101000402,4338,84150.06254,5.6247,5.7861,2.0286
"CT000500, Philadelphia County, PA",42101000500,2601,45268.02386,32.4491,28.8146,10.1115
"CT000600, Philadelphia County, PA",42101000600,1156,86590.88976,3.6332,8.8474,6.9204
"CT000700, Philadelphia County, PA",42101000700,3924,63166.99707,12.5637,10.261,6.2946
"CT000801, Philadelphia County, PA",42101000801,1372,132093.8116,0,4.918,6.7784
"CT000803, Philadelphia County, PA",42101000803,2598,62575.99333,5.0038,6.0816,6.4665
"CT000804, Philadelphia County, PA",42101000804,5274,103996.6415,2.0857,9.4615,3.4509
"CT000901, Philadelphia County, PA",42101000901,2001,48132.72361,3.4983,24.4878,3.7481
"CT000902, Philadelphia County, PA",42101000902,2910,59861.71711,6.701,11.0195,4.2268
"CT001001, Philadelphia County, PA",42101001001,2604,107324.8072,2.3041,4.6851,2.4578
"CT001002, Philadelphia County, PA",42101001002,3408,117397.4045,3.0516,4.6068,3.0516
"CT001101, Philadelphia County, PA",42101001101,3776,63982.55366,10.8316,27.1909,8.9778
"CT001102, Philadelphia County, PA",42101001102,2616,81544.44715,8.6009,13.3929,0.9174
"CT001201, Philadelphia County, PA",42101001201,4007,116575.4204,5.5653,3.7684,7.5368
"CT001202, Philadelphia County, PA",42101001202,5153,86042.25701,4.3858,8.9712,7.7042
"CT001300, Philadelphia County, PA",42101001300,7203,121589.32,23.046,3.8467,6.0392
"CT001400, Philadelphia County, PA",42101001400,4092,93928.13921,24.4624,14.113,1.3196
"CT001500, Philadelphia County, PA",42101001500,3326,67696.6,14.1612,6.1286,6.344
"CT001600, Philadelphia County, PA",42101001600,2530,106047.7864,3.3992,6.2846,5.6917
"CT001700, Philadelphia County, PA",42101001700,3168,109170.6867,7.923,3.346,5.6187
"CT001800, Philadelphia County, PA",42101001800,3220,100759.6825,19.2547,3.323,0.9627
"CT001900, Philadelphia County, PA",42101001900,4190,111995.0337,31.7661,15.2983,6.9928
"CT002000, Philadelphia County, PA",42101002000,1793,48612.90059,54.657,17.7356,1.5616
"CT002100, Philadelphia County, PA",42101002100,2232,56084.77739,51.3889,17.1147,4.5251
"CT002200, Philadelphia County, PA",42101002200,2298,67929.28463,35.074,10.8696,6.0923
"CT002300, Philadelphia County, PA",42101002300,2861,69921.77871,2.7962,7.6842,6.9207
"CT002400, Philadelphia County, PA",42101002400,4662,87369.66627,8.9447,11.583,6.6924
"CT002500, Philadelphia County, PA",42101002500,4255,62328.46425,13.6075,20.2448,9.5417
"CT002701, Philadelphia County, PA",42101002701,4314,57024.78316,17.9416,24.0148,22.9254
"CT002702, Philadelphia County, PA",42101002702,4674,69355.38595,2.2679,14.1635,9.1784
"CT002801, Philadelphia County, PA",42101002801,4777,55152.86629,6.7406,18.5335,36.1105
"CT002802, Philadelphia County, PA",42101002802,5576,66310.59566,5.5775,14.5803,16.1585
"CT002900, Philadelphia County, PA",42101002900,3770,57958.19165,1.9629,24.1114,19.4164
"CT003001, Philadelphia County, PA",42101003001,3875,52699.53273,16.6194,17.7565,6.271
"CT003002, Philadelphia County, PA",42101003002,2733,42206.20329,55.5068,21.588,1.5002
"CT003100, Philadelphia County, PA",42101003100,4536,39764.23246,54.8942,18.6949,12.2134
"CT003200, Philadelphia County, PA",42101003200,3782,29966.64301,78.8472,26.0444,10.6557
"CT003300, Philadelphia County, PA",42101003300,6392,36130.42545,43.6014,26.674,15.582
"CT003600, Philadelphia County, PA",42101003600,7035,21083.91219,57.8962,37.3043,3.1841
"CT003701, Philadelphia County, PA",42101003701,5744,34695,61.5425,28.0836,7.9213
"CT003702, Philadelphia County, PA",42101003702,4295,33576.7,40.5355,24.0955,8.1723
"CT003800, Philadelphia County, PA",42101003800,3956,62226.18755,1.0111,6.4206,7.8109
"CT003901, Philadelphia County, PA",42101003901,6536,44532.23735,9.0116,21.8525,5.9211
"CT003902, Philadelphia County, PA",42101003902,5831,63200.5675,0.3944,10.7774,1.2691
"CT004001, Philadelphia County, PA",42101004001,4202,55604.8191,2.2846,25.702,24.0124
"CT004002, Philadelphia County, PA",42101004002,4896,58765.37011,3.9216,15.7475,2.8799
"CT004101, Philadelphia County, PA",42101004101,5322,34841.89559,10.9545,26.3751,20.1804
"CT004102, Philadelphia County, PA",42101004102,8660,41285.36548,6.6859,35.2771,22.7252
"CT004201, Philadelphia County, PA",42101004201,5222,54477.65407,0.8617,13.9985,3.7534
"CT004202, Philadelphia County, PA",42101004202,5560,50332.93931,3.1655,16.4583,9.6942
"CT005000, Philadelphia County, PA",42101005000,0,,0,0,0
"CT005400, Philadelphia County, PA",42101005400,1733,54199.90082,71.0329,19.5615,7.3283
"CT005500, Philadelphia County, PA",42101005500,6393,59985.28913,69.7482,11.5117,12.8422
"CT005600, Philadelphia County, PA",42101005600,1168,27783.04372,87.4144,32.363,3.4247
"CT006000, Philadelphia County, PA",42101006000,6734,41920.7521,74.6659,26.2103,1.782
"CT006100, Philadelphia County, PA",42101006100,2555,32743.99158,84.0705,22.8963,0.4305
"CT006200, Philadelphia County, PA",42101006200,4748,26131.81191,89.7009,42.2947,3.77
"CT006300, Philadelphia County, PA",42101006300,4580,27856.17095,83.5153,41.8544,6.5721
"CT006400, Philadelphia County, PA",42101006400,4695,27085.25299,86.1342,33.2901,1.9808
"CT006500, Philadelphia County, PA",42101006500,4702,29503.08785,97.1714,28.9082,0.3403
"CT006600, Philadelphia County, PA",42101006600,3297,20687,82.6206,40.1889,6.0965
"CT006700, Philadelphia County, PA",42101006700,7151,36135.68082,83.9323,31.4594,0.2377
"CT006900, Philadelphia County, PA",42101006900,3714,19507.74409,92.5956,52.9079,2.8271
"CT007000, Philadelphia County, PA",42101007000,3348,33799.31427,95.8483,8.7556,0
"CT007101, Philadelphia County, PA",42101007101,2575,24428.1843,90.9515,44.126,5.1262
"CT007102, Philadelphia County, PA",42101007102,4510,30217,85.4767,35.1196,9.5344
"CT007200, Philadelphia County, PA",42101007200,4462,31941.38212,86.2618,32.4835,1.4119
"CT007300, Philadelphia County, PA",42101007300,2957,30336.47092,81.9073,30.5359,1.1836
"CT007400, Philadelphia County, PA",42101007400,4966,36201.04521,77.8091,22.0499,2.5171
"CT007700, Philadelphia County, PA",42101007700,1830,38961.14339,25.7923,30.1075,9.1803
"CT007800, Philadelphia County, PA",42101007800,4212,43373.91618,25.2374,30.7673,5.7217
"CT007900, Philadelphia County, PA",42101007900,4591,63038.70665,26.1599,18.0353,8.5602
"CT008000, Philadelphia County, PA",42101008000,4094,50555.04988,62.6771,26.9268,5.8622
"CT008101, Philadelphia County, PA",42101008101,3529,29859.96777,95.6078,39.6996,0.1133
"CT008102, Philadelphia County, PA",42101008102,5509,26668.3016,92.1583,37.5547,4.4473
"CT008200, Philadelphia County, PA",42101008200,5642,36343.7,91.4392,23.6618,5.5122
"CT008301, Philadelphia County, PA",42101008301,4805,35676.65807,94.7971,25.4819,1.2487
"CT008302, Philadelphia County, PA",42101008302,5264,27643.51495,92.9141,37.272,2.1277
"CT008400, Philadelphia County, PA",42101008400,5061,39750.46223,94.7244,29.7373,2.0352
"CT008500, Philadelphia County, PA",42101008500,6690,33307.13409,82.87,37.8924,4.7085
"CT008601, Philadelphia County, PA",42101008601,3404,54736.81242,26.6745,18.302,12.8672
"CT008602, Philadelphia County, PA",42101008602,2723,42783.73864,60.7418,14.3224,4.7741
"CT008701, Philadelphia County, PA",42101008701,3258,46172.66427,23.2351,10.3438,2.3634
"CT008702, Philadelphia County, PA",42101008702,2333,34777.39755,5.7865,19.6949,10.9301
"CT008801, Philadelphia County, PA",42101008801,2359,33335.31858,11.3607,47.2081,11.1912
"CT008802, Philadelphia County, PA",42101008802,5946,23192.08867,25.6139,56.8329,10.1076
"CT009000, Philadelphia County, PA",42101009000,6214,26159.66004,7.6118,56.5864,8.0303
"CT009100, Philadelphia County, PA",42101009100,3074,21529.6,32.4333,48.9915,4.6194
"CT009200, Philadelphia County, PA",42101009200,3330,22743.90412,62.7928,34.8649,3.8739
"CT009300, Philadelphia County, PA",42101009300,4809,26593.43073,86.858,34.9553,3.4727
"CT009400, Philadelphia County, PA",42101009400,4104,19029.07001,94.7125,45.5388,2.7047
"CT009500, Philadelphia County, PA",42101009500,3214,27879.03613,92.906,37.2744,3.9203
"CT009600, Philadelphia County, PA",42101009600,4677,32358.01361,94.5264,29.2709,9.1939
"CT009801, Philadelphia County, PA",42101009801,2216,56981.09795,84.2509,13.3726,6.0921
"CT009802, Philadelphia County, PA",42101009802,5988,58926.6,83.0494,24.1327,3.4736
"CT010000, Philadelphia County, PA",42101010000,4962,45823.92582,92.1201,18.7021,1.8742
"CT010100, Philadelphia County, PA",42101010100,7418,48386.26545,95.2683,19.8221,1.4694
"CT010200, Philadelphia County, PA",42101010200,3493,25779.12776,95.1331,30.2319,4.8096
"CT010300, Philadelphia County, PA",42101010300,2776,23393.7,96.9741,28.3141,0.2882
"CT010400, Philadelphia County, PA",42101010400,4065,19931.84975,92.3985,53.1899,1.7466
"CT010500, Philadelphia County, PA",42101010500,4654,23464.8181,89.6003,46.4379,2.9867
"CT010600, Philadelphia County, PA",42101010600,1798,21423.41121,81.1457,32.9092,3.7264
"CT010700, Philadelphia County, PA",42101010700,3751,20407.14628,93.3884,40.9792,1.9728
"CT010800, Philadelphia County, PA",42101010800,4389,25074.16593,83.5726,38.1082,1.8455
"CT010900, Philadelphia County, PA",42101010900,2932,26738.5419,72.8172,45.6685,4.4679
"CT011000, Philadelphia County, PA",42101011000,3724,16580.57302,81.015,49.0602,3.7057
"CT011100, Philadelphia County, PA",42101011100,3690,36667.9086,90.9756,30.5464,1.1653
"CT011200, Philadelphia County, PA",42101011200,6613,31699.38473,92.2879,41.415,7.2736
"CT011300, Philadelphia County, PA",42101011300,3414,33889.5,98.3304,32.0445,1.6403
"CT011400, Philadelphia County, PA",42101011400,6479,36094.40074,96.7742,26.6708,1.8058
"CT011500, Philadelphia County, PA",42101011500,4470,56300.53734,96.8233,12.4832,1.9463
"CT011700, Philadelphia County, PA",42101011700,2069,62361.6,39.246,41.9095,2.2716
"CT011800, Philadelphia County, PA",42101011800,5861,41294.60842,93.7553,38.1383,3.2418
"CT011900, Philadelphia County, PA",42101011900,5387,33142.64545,92.5005,30.4233,0.6868
"CT012000, Philadelphia County, PA",42101012000,1920,63403.59571,60.4167,15.3584,4.7917
"CT012100, Philadelphia County, PA",42101012100,3281,45903.59338,74.4285,23.6044,4.0232
"CT012201, Philadelphia County, PA",42101012201,2788,29882.0699,48.8164,19.4763,4.5552
"CT012203, Philadelphia County, PA",42101012203,430,48137.49146,10.6977,32.093,10
"CT012204, Philadelphia County, PA",42101012204,4503,57849.15217,77.1708,20.4799,3.1312
"CT012500, Philadelphia County, PA",42101012500,5431,77889.44967,12.6128,10.1002,3.0013
"CT013100, Philadelphia County, PA",42101013100,1768,41049.80783,59.3891,40.4545,3.9593
"CT013200, Philadelphia County, PA",42101013200,2576,25868.49043,51.3587,29.7684,11.0248
"CT013300, Philadelphia County, PA",42101013300,3086,82541.78154,24.3033,18.5835,4.2774
"CT013401, Philadelphia County, PA",42101013401,2516,90020.68391,4.4913,9.6554,0.159
"CT013402, Philadelphia County, PA",42101013402,3194,92494.32238,5.98,2.099,10.1127
"CT013500, Philadelphia County, PA",42101013500,4200,88153.72738,23.0476,10.2381,5.3095
"CT013601, Philadelphia County, PA",42101013601,2710,105434.6,2.7306,3.69,2.5092
"CT013602, Philadelphia County, PA",42101013602,3830,90460.12147,1.6971,4.0209,1.5405
"CT013700, Philadelphia County, PA",42101013700,5142,51718.06868,66.8222,29.2104,6.4566
"CT013800, Philadelphia County, PA",42101013800,1805,37784.3295,68.0332,24.2718,7.867
"CT013900, Philadelphia County, PA",42101013900,1705,25393.46364,55.2493,17.7673,8.6217
"CT014000, Philadelphia County, PA",42101014000,4014,42475.21482,58.1714,40.3587,7.4988
"CT014100, Philadelphia County, PA",42101014100,2952,27605.35531,66.4634,32.0691,6.4024
"CT014200, Philadelphia County, PA",42101014200,5363,108951.1631,11.3369,4.4005,11.9336
"CT014300, Philadelphia County, PA",42101014300,2061,92502.19348,3.0568,15.3324,5.4828
"CT014400, Philadelphia County, PA",42101014400,4624,76903.63557,13.6029,26.1371,30.5147
"CT014500, Philadelphia County, PA",42101014500,1845,18027,76.8564,53.6957,19.0786
"CT014600, Philadelphia County, PA",42101014600,4515,34242.02308,47.021,30.9698,5.7364
"CT014700, Philadelphia County, PA",42101014700,2447,11171.35476,50.7969,78.0564,9.4401
"CT014800, Philadelphia County, PA",42101014800,731,12421.29189,81.2585,65.2531,1.0944
"CT014900, Philadelphia County, PA",42101014900,3817,15327.81916,83.4425,46.637,15.8763
"CT015101, Philadelphia County, PA",42101015101,2272,28483.9,88.7324,46.7878,6.6901
"CT015102, Philadelphia County, PA",42101015102,4329,17150.68813,95.611,45.8535,3.3726
"CT015200, Philadelphia County, PA",42101015200,5151,26449.54838,92.7004,51.7958,5.0864
"CT015300, Philadelphia County, PA",42101015300,3768,16307.2,32.7229,60.8624,7.0329
"CT015600, Philadelphia County, PA",42101015600,1481,27353.68939,26.6712,34.1661,70.0203
"CT015700, Philadelphia County, PA",42101015700,2693,45077.32052,12.254,22.4567,33.977
"CT015800, Philadelphia County, PA",42101015800,7130,78829.23344,3.0435,7.2931,5.8766
"CT016000, Philadelphia County, PA",42101016000,6957,69387.5563,4.3841,12.6424,8.7107
"CT016100, Philadelphia County, PA",42101016100,6408,81793.18696,5.2278,17.713,23.0649
"CT016200, Philadelphia County, PA",42101016200,2210,27581.10216,24.6606,35.5204,67.5113
"CT016300, Philadelphia County, PA",42101016300,3080,18869.95644,13.7338,40.9734,74.9026
"CT016400, Philadelphia County, PA",42101016400,4662,17627.9,35.6714,38.9532,56.3278
"CT016500, Philadelphia County, PA",42101016500,3547,11557.99774,84.8886,60.9529,13.6453
"CT016600, Philadelphia County, PA",42101016600,2128,28131.62924,74.0132,39.5115,10.5263
"CT016701, Philadelphia County, PA",42101016701,2778,32240.7889,94.0965,38.5361,2.4118
"CT016702, Philadelphia County, PA",42101016702,2390,16538.94454,92.4268,38.5356,3.6402
"CT016800, Philadelphia County, PA",42101016800,2758,11408.76312,93.1109,52.1517,0.4351
"CT016901, Philadelphia County, PA",42101016901,2785,25287.2,97.8815,35.4839,1.5799
"CT016902, Philadelphia County, PA",42101016902,3989,18670.40149,95.5628,56.2046,2.2311
"CT017000, Philadelphia County, PA",42101017000,2897,47048.69688,67.7598,25.3448,4.1767
"CT017100, Philadelphia County, PA",42101017100,3616,27970.78163,90.4038,19.4866,5.448
"CT017201, Philadelphia County, PA",42101017201,2411,31840.44724,66.5284,25.4251,4.0647
"CT017202, Philadelphia County, PA",42101017202,3845,21961.31446,95.2926,31.8936,0
"CT017300, Philadelphia County, PA",42101017300,2313,16323.10389,89.84,34.6137,4.626
"CT017400, Philadelphia County, PA",42101017400,2527,27821.36938,77.7602,30.6088,15.7103
"CT017500, Philadelphia County, PA",42101017500,6929,18070.67061,15.1826,48.633,79.8672
"CT017601, Philadelphia County, PA",42101017601,4574,15793.1,16.2659,52.2882,86.9698
"CT017602, Philadelphia County, PA",42101017602,4597,22476.44393,11.0289,60.7341,82.4233
"CT017701, Philadelphia County, PA",42101017701,3082,18622.7099,34.6528,64.0169,48.475
"CT017702, Philadelphia County, PA",42101017702,4846,21681.28535,21.8324,61.3155,80.1692
"CT017800, Philadelphia County, PA",42101017800,5693,23052.7,29.8261,45.8693,41.9462
"CT017900, Philadelphia County, PA",42101017900,6234,36568.51807,22.5217,31.8269,54.3471
"CT018001, Philadelphia County, PA",42101018001,3228,64152.9297,2.1066,8.1784,12.8253
"CT018002, Philadelphia County, PA",42101018002,6300,41935.1,0.0159,19.0279,10.2063
"CT018300, Philadelphia County, PA",42101018300,4161,72881.59468,0.2884,6.1501,2.3312
"CT018400, Philadelphia County, PA",42101018400,2190,55182.04495,0.0457,18.3073,5.7078
"CT018800, Philadelphia County, PA",42101018800,8458,26750.00161,22.2038,41.8467,60.6999
"CT019000, Philadelphia County, PA",42101019000,7713,35406.56749,17.9437,27.8934,69.2078
"CT019100, Philadelphia County, PA",42101019100,8176,41545.7453,17.319,19.1111,63.295
"CT019200, Philadelphia County, PA",42101019200,8415,28521.83525,20.7724,45.792,64.8723
"CT019501, Philadelphia County, PA",42101019501,4383,17621.12884,6.9815,39.9542,90.3947
"CT019502, Philadelphia County, PA",42101019502,3990,20912.5,11.5288,48.275,75.3634
"CT019700, Philadelphia County, PA",42101019700,7057,28127.30805,41.3632,38.3591,56.2137
"CT019800, Philadelphia County, PA",42101019800,6608,27380.20942,35.8959,40.6193,59.7306
"CT019900, Philadelphia County, PA",42101019900,4453,18774.9,34.269,61.3514,68.9872
"CT020000, Philadelphia County, PA",42101020000,1368,20751.66687,73.0263,45.6934,17.9094
"CT020101, Philadelphia County, PA",42101020101,3532,12914.65326,85.957,52.3139,7.6444
"CT020102, Philadelphia County, PA",42101020102,3147,38304.07401,96.6317,17.3816,3.6861
"CT020200, Philadelphia County, PA",42101020200,4622,18182.3,87.3864,41.6121,6.2311
"CT020300, Philadelphia County, PA",42101020300,2909,23237.9,76.4868,28.6515,17.1193
"CT020400, Philadelphia County, PA",42101020400,2901,26329.41489,93.6574,40.696,5.1362
"CT020500, Philadelphia County, PA",42101020500,2574,13946.14717,89.9767,36.5018,1.9037
"CT020600, Philadelphia County, PA",42101020600,1609,51550.32123,17.0292,13.885,11.9329
"CT020700, Philadelphia County, PA",42101020700,5870,98296.83235,9.6934,12.8892,2.9642
"CT020800, Philadelphia County, PA",42101020800,2320,59967.41851,38.1897,22.8208,4.1379
"CT020900, Philadelphia County, PA",42101020900,2894,73043.07042,13.7526,11.4096,4.1811
"CT021000, Philadelphia County, PA",42101021000,5442,67443,10.8784,16.5987,4.6858
"CT021100, Philadelphia County, PA",42101021100,2490,72659.00315,10,14.5278,5.3815
"CT021200, Philadelphia County, PA",42101021200,2429,66621.56643,21.408,10.0166,7.4516
"CT021300, Philadelphia County, PA",42101021300,3641,74194.3058,10.2994,10.0864,6.5367
"CT021400, Philadelphia County, PA",42101021400,3940,77728.30104,11.0914,17.3147,5.1523
"CT021500, Philadelphia County, PA",42101021500,3933,70771.84153,10.7043,8.5177,3.4833
"CT021600, Philadelphia County, PA",42101021600,2428,83310.11428,22.1582,10.67,3.9951
"CT021700, Philadelphia County, PA",42101021700,5762,92266.93742,14.9948,5.1197,4.8941
"CT021800, Philadelphia County, PA",42101021800,5622,57558.13991,33.2622,10.2907,3.344
"CT021900, Philadelphia County, PA",42101021900,1384,65147.52682,2.7457,2.8179,3.8295
"CT022000, Philadelphia County, PA",42101022000,1464,112205.3998,11.4071,0.4461,1.2978
"CT023100, Philadelphia County, PA",42101023100,1268,130784.6063,0.9464,1.735,3.3912
"CT023500, Philadelphia County, PA",42101023500,1308,74589.9,30.1988,6.3456,0.1529
"CT023600, Philadelphia County, PA",42101023600,2244,90487.10574,35.2941,1.447,2.2727
"CT023700, Philadelphia County, PA",42101023700,4756,62678.00772,55.1093,7.0004,4.3734
"CT023800, Philadelphia County, PA",42101023800,4520,78872.70063,58.8938,11.2714,5.177
"CT023900, Philadelphia County, PA",42101023900,1615,26475.65693,51.3313,20.6192,6.192
"CT024000, Philadelphia County, PA",42101024000,3572,46959.21768,52.6876,14.2052,6.355
"CT024100, Philadelphia County, PA",42101024100,1429,13489.25409,70.5388,54,4.4787
"CT024200, Philadelphia County, PA",42101024200,3733,27522.65099,83.9003,27.2824,3.3753
"CT024300, Philadelphia County, PA",42101024300,3788,37768.25065,79.5935,27.6899,1.1352
"CT024400, Philadelphia County, PA",42101024400,3529,30088.42311,82.4029,37.6311,12.6948
"CT024500, Philadelphia County, PA",42101024500,3788,15679.48884,88.7276,55.5615,0.5544
"CT024600, Philadelphia County, PA",42101024600,2668,14738.81407,82.7961,51.212,2.6612
"CT024700, Philadelphia County, PA",42101024700,3976,29558.05392,86.4688,23.3813,2.0372
"CT024800, Philadelphia County, PA",42101024800,2306,47018.72792,90.1127,21.0457,4.4232
"CT024900, Philadelphia County, PA",42101024900,2576,23014.55146,97.8261,42.701,0.1941
"CT025200, Philadelphia County, PA",42101025200,7874,40842.94151,89.4717,32.0984,4.2037
"CT025300, Philadelphia County, PA",42101025300,4780,42796.6192,83.5774,17.6236,0.4603
"CT025400, Philadelphia County, PA",42101025400,4622,57024.63486,78.6456,12.2972,2.5314
"CT025500, Philadelphia County, PA",42101025500,2728,65742.04558,46.3343,7.2581,3.2258
"CT025600, Philadelphia County, PA",42101025600,2632,91471.86991,35.7903,0,3.5714
"CT025700, Philadelphia County, PA",42101025700,4089,65613.86623,38.4446,8.2416,10.2959
"CT025800, Philadelphia County, PA",42101025800,1776,57771.2,90.7095,15.3716,0
"CT025900, Philadelphia County, PA",42101025900,4213,46698.76537,94.0423,15.2289,0.902
"CT026000, Philadelphia County, PA",42101026000,3044,51072.63419,91.1629,9.8226,4.3693
"CT026100, Philadelphia County, PA",42101026100,3249,32812.7317,94.4291,19.2797,1.0773
"CT026200, Philadelphia County, PA",42101026200,3566,51204.13427,94.3354,12.5769,2.3836
"CT026301, Philadelphia County, PA",42101026301,3342,38638.9,94.8833,17.1454,2.1245
"CT026302, Philadelphia County, PA",42101026302,4946,47528.79496,93.9345,8.7141,1.0716
"CT026400, Philadelphia County, PA",42101026400,5502,53983.57139,97.2737,7.0315,0.618
"CT026500, Philadelphia County, PA",42101026500,5199,46830.05589,93.7103,18.4134,1.5965
"CT026600, Philadelphia County, PA",42101026600,6565,47073.15141,95.1714,23.0296,3.6558
"CT026700, Philadelphia County, PA",42101026700,6938,36761.33022,95.6904,26.0594,0.5477
"CT026800, Philadelphia County, PA",42101026800,4106,39415.58796,75.0122,27.734,14.491
"CT026900, Philadelphia County, PA",42101026900,2193,58390.13171,65.2075,17.9654,11.0807
"CT027000, Philadelphia County, PA",42101027000,2638,58814.7698,82.2214,13.2105,0.5686
"CT027100, Philadelphia County, PA",42101027100,2716,51465.32111,61.6716,8.2842,7.732
"CT027200, Philadelphia County, PA",42101027200,4663,49238.5,74.7802,16.899,8.8998
"CT027300, Philadelphia County, PA",42101027300,5550,42110.6,66.3423,22.3699,6.6486
"CT027401, Philadelphia County, PA",42101027401,3021,39484.8115,56.1072,17.8087,19.8941
"CT027402, Philadelphia County, PA",42101027402,6724,38506.48794,54.4616,30.9183,36.3623
"CT027500, Philadelphia County, PA",42101027500,5073,47632.68509,77.2521,22.5094,14.6462
"CT027600, Philadelphia County, PA",42101027600,4099,35802.45046,94.3157,15.5648,2.0981
"CT027700, Philadelphia County, PA",42101027700,4765,29644.34486,88.3106,30.5561,0.7555
"CT027800, Philadelphia County, PA",42101027800,4475,33214.34059,93.5419,26.6816,2.4358
"CT027901, Philadelphia County, PA",42101027901,4125,46085.45476,89.9879,20.0727,2.1576
"CT027902, Philadelphia County, PA",42101027902,3871,28232.12276,53.7329,37.3455,2.5316
"CT028000, Philadelphia County, PA",42101028000,4139,27997.6,96.0135,28.7445,1.4496
"CT028100, Philadelphia County, PA",42101028100,4790,37002.80196,85.595,29.6451,9.6868
"CT028200, Philadelphia County, PA",42101028200,4995,31309.66783,69.4494,31.2986,15.015
"CT028300, Philadelphia County, PA",42101028300,6870,31197.25715,72.8384,31.0488,1.2809
"CT028400, Philadelphia County, PA",42101028400,3699,28925.59854,84.0227,27.0563,5.0825
"CT028500, Philadelphia County, PA",42101028500,2324,26288.51564,52.7969,33.9389,33.1756
"CT028600, Philadelphia County, PA",42101028600,5982,26963.45742,61.217,40.8058,21.0966
"CT028700, Philadelphia County, PA",42101028700,2688,26881.2,32.4777,39.9257,62.8348
"CT028800, Philadelphia County, PA",42101028800,4593,26430.9,17.3089,51.2988,66.1224
"CT028901, Philadelphia County, PA",42101028901,4157,39299.67162,20.6639,27.7335,75.1744
"CT028902, Philadelphia County, PA",42101028902,7046,30006.08972,29.6764,39.1254,53.5055
"CT029000, Philadelphia County, PA",42101029000,8450,38933.14141,32.8521,41.8225,52.2367
"CT029100, Philadelphia County, PA",42101029100,5248,27371.60007,38.205,39.8247,37.5
"CT029200, Philadelphia County, PA",42101029200,5415,50868.7044,41.0711,12.4054,45.2632
"CT029300, Philadelphia County, PA",42101029300,3050,27622.6,26.7541,58.6196,54.7869
"CT029400, Philadelphia County, PA",42101029400,4202,22414.26364,47.882,51.531,35.3165
"CT029800, Philadelphia County, PA",42101029800,4734,28653,44.2966,41.1664,37.4525
"CT029900, Philadelphia County, PA",42101029900,4398,23691.91636,47.8172,45.8832,34.0837
"CT030000, Philadelphia County, PA",42101030000,7187,29492.36585,62.2235,44.6026,22.7772
"CT030100, Philadelphia County, PA",42101030100,6261,27283.63559,44.6414,47.4844,34.0361
"CT030200, Philadelphia County, PA",42101030200,9733,68254.09272,55.8615,18.8776,33.1963
"CT030501, Philadelphia County, PA",42101030501,5854,36593.18347,62.5555,26.8784,20.6696
"CT030502, Philadelphia County, PA",42101030502,7435,49116.13291,56.8258,30.089,25.2051
"CT030600, Philadelphia County, PA",42101030600,6629,51305.70486,35.3145,6.202,26.8819
"CT030700, Philadelphia County, PA",42101030700,4341,48331.30193,37.8023,24.9884,22.322
"CT030800, Philadelphia County, PA",42101030800,5932,56947.95439,28.2198,7.9515,15.0202
"CT030900, Philadelphia County, PA",42101030900,4473,50767.07302,39.9732,15.873,24.0331
"CT031000, Philadelphia County, PA",42101031000,7314,39827.72995,25.0479,18.0971,23.2978
"CT031101, Philadelphia County, PA",42101031101,5358,36731.5736,44.5129,30.8746,27.1557
"CT031102, Philadelphia County, PA",42101031102,4549,41603.43783,54.6714,12.6621,35.3704
"CT031200, Philadelphia County, PA",42101031200,5307,42425.35064,51.6111,21.613,22.7059
"CT031300, Philadelphia County, PA",42101031300,8337,42787.35621,20.5949,31.9221,24.7571
"CT031401, Philadelphia County, PA",42101031401,7214,40343.20394,21.1256,29.5398,25.1871
"CT031402, Philadelphia County, PA",42101031402,6084,37910.79821,12.7876,28.2281,31.0651
"CT031501, Philadelphia County, PA",42101031501,6745,50048.26519,6.2417,10.0788,13.3729
"CT031502, Philadelphia County, PA",42101031502,4762,44698.02913,24.5695,25.9724,14.1957
"CT031600, Philadelphia County, PA",42101031600,6224,54170.57379,19.0553,19.8029,20.6459
"CT031700, Philadelphia County, PA",42101031700,5050,46282.9,28.1584,16.198,28.8119
"CT031800, Philadelphia County, PA",42101031800,4118,44552.64004,43.152,34.0457,31.933
"CT031900, Philadelphia County, PA",42101031900,5991,45443.59622,35.6034,21.7719,29.1103
"CT032000, Philadelphia County, PA",42101032000,7535,50873.14857,21.1679,17.4069,31.0285
"CT032100, Philadelphia County, PA",42101032100,4259,40652.48857,19.7464,26.4851,35.1491
"CT032300, Philadelphia County, PA",42101032300,3747,40873.5,37.897,16.121,29.2501
"CT032500, Philadelphia County, PA",42101032500,6316,51320.5841,21.9759,25.3912,18.1444
"CT032600, Philadelphia County, PA",42101032600,7999,49099.6,11.714,19.9525,19.2649
"CT032900, Philadelphia County, PA",42101032900,3894,33353.8848,17.1289,23.2912,24.8844
"CT033000, Philadelphia County, PA",42101033000,8521,42438.75827,24.246,30.5222,30.6302
"CT033101, Philadelphia County, PA",42101033101,5065,62552.83231,7.4038,16.7029,12.2409
"CT033102, Philadelphia County, PA",42101033102,4053,43200.8,7.2786,17.7403,12.5833
"CT033200, Philadelphia County, PA",42101033200,2970,67353.68189,7.3401,5.0394,20.8754
"CT033300, Philadelphia County, PA",42101033300,4129,45764.2851,13.3931,14.2739,12.7149
"CT033400, Philadelphia County, PA",42101033400,5685,54462.02073,20.8091,21.4127,6.4556
"CT033500, Philadelphia County, PA",42101033500,4070,47994.09259,12.973,32.3508,17.9115
"CT033600, Philadelphia County, PA",42101033600,7139,43363.06253,20.6612,29.0272,13.7554
"CT033701, Philadelphia County, PA",42101033701,7349,41896.03301,21.4179,16.9842,27.2146
"CT033702, Philadelphia County, PA",42101033702,4880,54961.20642,7.4385,7.9098,5.8811
"CT033800, Philadelphia County, PA",42101033800,6242,49286.54842,8.5389,14.4692,23.3739
"CT033900, Philadelphia County, PA",42101033900,3112,53635.53498,16.1632,19.1195,17.4486
"CT034000, Philadelphia County, PA",42101034000,3081,81802.50841,9.3801,10.0905,17.0075
"CT034100, Philadelphia County, PA",42101034100,5469,73086.07004,10.4041,3.6204,18.3214
"CT034200, Philadelphia County, PA",42101034200,3382,64028.47868,19.1603,13.1,5.7954
"CT034400, Philadelphia County, PA",42101034400,7974,75262.91776,8.5277,6.6597,6.2453
"CT034501, Philadelphia County, PA",42101034501,4040,32862.75691,21.7574,17.104,15.0743
"CT034502, Philadelphia County, PA",42101034502,5874,46394.0636,22.1655,21.3025,13.8917
"CT034600, Philadelphia County, PA",42101034600,2437,44138.35689,26.6311,17.9319,23.3894
"CT034701, Philadelphia County, PA",42101034701,7032,53821.8,26.3936,6.1291,7.8356
"CT034702, Philadelphia County, PA",42101034702,3740,73559.33428,5.9091,4.4118,14.5187
"CT034801, Philadelphia County, PA",42101034801,4675,57211.50814,2.3743,5.218,9.0053
"CT034802, Philadelphia County, PA",42101034802,5590,43852.14572,29.5349,14.1604,13.6315
"CT034803, Philadelphia County, PA",42101034803,4211,69720.89409,2.2797,11.0663,12.2536
"CT034900, Philadelphia County, PA",42101034900,5494,52840.57113,21.6964,13.3782,23.4438
"CT035100, Philadelphia County, PA",42101035100,4446,56133.46489,9.4017,14.4044,2.7215
"CT035200, Philadelphia County, PA",42101035200,4752,79330.04753,3.2828,6.1817,3.6827
"CT035301, Philadelphia County, PA",42101035301,5767,79873.45818,1.4219,4.5084,13.664
"CT035302, Philadelphia County, PA",42101035302,4552,54320.35366,9.4244,8.1319,7.1617
"CT035500, Philadelphia County, PA",42101035500,8209,53685.76063,10.6712,14.0508,4.7022
"CT035601, Philadelphia County, PA",42101035601,5464,52908.65574,3.4773,13.186,2.1413
"CT035602, Philadelphia County, PA",42101035602,3836,84069.6257,0.5474,0,8.5245
"CT035701, Philadelphia County, PA",42101035701,5168,35081.29921,4.9729,20.6269,5.3406
"CT035702, Philadelphia County, PA",42101035702,4109,41380.73728,1.1925,27.4763,6.8143
"CT035800, Philadelphia County, PA",42101035800,6879,63722.90516,3.4307,9.6218,1.9916
"CT035900, Philadelphia County, PA",42101035900,5809,64907.17209,1.4288,11.5338,13.9955
"CT036000, Philadelphia County, PA",42101036000,3533,65783.89682,11.8313,13.2239,4.7835
"CT036100, Philadelphia County, PA",42101036100,4097,57783.90046,21.3571,17.3542,18.2573
"CT036201, Philadelphia County, PA",42101036201,4949,73644.45564,4.2433,6.1843,9.2342
"CT036202, Philadelphia County, PA",42101036202,6116,61897.21319,7.881,4.0133,12.1158
"CT036203, Philadelphia County, PA",42101036203,4934,78661.4162,4.0738,2.2538,8.2894
"CT036301, Philadelphia County, PA",42101036301,4104,66720.97608,0.5361,21.8582,6.3109
"CT036302, Philadelphia County, PA",42101036302,3696,55633.37098,23.2955,2.7687,7.8193
"CT036303, Philadelphia County, PA",42101036303,6722,78184.89956,8.0482,4.0859,1.9339
"CT036400, Philadelphia County, PA",42101036400,1128,61143.3,12.234,40.5063,11.4362
"CT036501, Philadelphia County, PA",42101036501,5280,53064.42941,9.375,15.3907,6.7424
"CT036502, Philadelphia County, PA",42101036502,4170,98241.76189,0.1918,3.4053,10.3357
"CT036600, Philadelphia County, PA",42101036600,2757,127529.9805,5.7309,6.3985,11.897
"CT036700, Philadelphia County, PA",42101036700,3768,123815.5069,6.5287,5.4264,9.7399
"CT036900, Philadelphia County, PA",42101036900,6214,28158.49614,13.4535,55.5384,6.775
"CT037200, Philadelphia County, PA",42101037200,4593,57847,11.0603,12.3449,4.6593
"CT037300, Philadelphia County, PA",42101037300,5887,83868.76633,9.1388,3.6198,13.1986
"CT037500, Philadelphia County, PA",42101037500,3689,74769.8149,46.6251,15.0609,9.4606
"CT037600, Philadelphia County, PA",42101037600,3360,72535.06874,16.5774,28.8297,9.7619
"CT037700, Philadelphia County, PA",42101037700,5379,19698.75545,40.2119,42.7971,20.4127
"CT037800, Philadelphia County, PA",42101037800,2583,61022.25334,6.4654,10.5222,8.9431
"CT037900, Philadelphia County, PA",42101037900,4860,60894.9663,0.0823,14.7211,5.1029
"CT038000, Philadelphia County, PA",42101038000,2449,41970.6,9.3099,33.1386,39.4447
"CT038100, Philadelphia County, PA",42101038100,809,32510.6078,14.8331,29.0482,26.576
"CT038200, Philadelphia County, PA",42101038200,3229,30525.73104,27.7176,47.0096,26.1381
"CT038300, Philadelphia County, PA",42101038300,3006,20544.7,40.6853,48.8419,61.344
"CT038400, Philadelphia County, PA",42101038400,2471,84101.00726,8.2153,4.3265,1.2141
"CT038500, Philadelphia County, PA",42101038500,1790,79894.3,6.257,6.5668,0.6145
"CT038600, Philadelphia County, PA",42101038600,1380,135671.7,12.3188,0.0728,3.0435
"CT038700, Philadelphia County, PA",42101038700,2942,153100.4728,16.0775,6.2684,3.1271
"CT038800, Philadelphia County, PA",42101038800,3656,77220.59986,27.2429,5.1419,3.2549
"CT038900, Philadelphia County, PA",42101038900,3332,35759,90.8463,36.2845,3.9616
"CT039000, Philadelphia County, PA",42101039000,9091,28913.43169,58.9374,35.576,29.4027
"CT980000, Philadelphia County, PA",42101980000,279,66965.5,25.8065,5.7692,15.4122
"CT980100, Philadelphia County, PA",42101980100,21,115025.3852,9.5238,33.3333,0
"CT980200, Philadelphia County, PA",42101980200,568,103093.6,8.0986,18.6957,7.3944
"CT980300, Philadelphia County, PA",42101980300,0,,0,0,0
"CT980400, Philadelphia County, PA",42101980400,0,,0,0,0
"CT980500, Philadelphia County, PA",42101980500,0,,0,0,0
"CT980600, Philadelphia County, PA",42101980600,0,,0,0,0
"CT980700, Philadelphia County, PA",42101980700,0,,0,0,0
"CT980800, Philadelphia County, PA",42101980800,0,,0,0,0
"CT980900, Philadelphia County, PA",42101980900,0,,0,0,0
"CT989100, Philadelphia County, PA",42101989100,1459,,80.8088,93.75,17.8204
